NUMBER,TIMES PULLED,TYPE,SHINY,TEAM,NATION,NAME
1,0,SPECIAL,YES,ND,ND,CAMPIONATO SERIE A TIM
2,0,SPECIAL,YES,ND,ND,TROFEO SERIE A TIM
3,0,SPECIAL,YES,ND,ND,COPPA ITALIA FRECCIAROSSA
4,1,SPECIAL,YES,ND,ND,SUPERCOPPA FRECCIAROSSA
5,0,CREST,YES,ATALANTA,ND,ATALANTA CREST
6,1,PLAYER,NO,ATALANTA,ARGENTINA,JUAN MUSSO
7,0,PLAYER,NO,ATALANTA,ITALY,MARCO SPORTIELLO
8,0,PLAYER,NO,ATALANTA,ITALY,DAVIDE ZAPPACOSTA
9,2,PLAYER,NO,ATALANTA,ARGENTINA,JOSE PALOMINO
10,1,MANAGER,NO,ATALANTA,ITALY,GIAN PIERO GASPERINI
11,0,PLAYER,NO,ATALANTA,DENMARK,JOAKIM MAEHLE
12,0,SQUAD,NO,ATALANTA,ND,ATALANTA SQUAD
13,0,PLAYER,NO,ATALANTA,TURKEY,MERIH DEMIRAL
14,0,PLAYER,NO,ATALANTA,GERMANY,ROBIN GOSENS
15,0,PLAYER,NO,ATALANTA,ITALY,RAFAEL TOLOI
16,0,PLAYER,NO,ATALANTA,ITALY,GIUSEPPE PEZZELLA
17,0,PLAYER,NO,ATALANTA,ALBANIA,BERAT DJIMSITI
18,0,PLAYER,NO,ATALANTA,ITALY,MATTEO LOVATO
19,0,PLAYER,NO,ATALANTA,CROATIA,MARIO PASALIC
20,0,PLAYER,NO,ATALANTA,ITALY,MATTEO PESSINA
21,0,PLAYER,NO,ATALANTA,NETHERLANDS,MARTEN DE ROON
22,1,PLAYER,NO,ATALANTA,NETHERLANDS,TEUN KOOPMEINERS
23,0,PLAYER,NO,ATALANTA,UKRAINE,RUSLAN MALINOVSKYI
24,0,KIT,YES,ATALANTA,ND,ATALANTA KIT
25,0,PLAYER,NO,ATALANTA,RUSSIA,ALEKSEI MIRANCHUK
26,0,PLAYER,NO,ATALANTA,SWITZERLAND,REMO FREULER
27,0,PLAYER,NO,ATALANTA,SLOVENIA,JOSIP ILICIC
28,0,PLAYER,NO,ATALANTA,COLOMBIA,DUVÁN ZAPATA
29,0,PLAYER,NO,ATALANTA,COLOMBIA,LUIS MURIEL
30,1,PLAYER,NO,ATALANTA,ITALY,ROBERTO PICCOLI
31,0,CREST,YES,BOLOGNA,ND,BOLOGNA CREST
32,0,PLAYER,NO,BOLOGNA,POLAND,LUKASZ SKORUPSKI
33,0,PLAYER,NO,BOLOGNA,ITALY,FRANCESCO BARDI
34,1,PLAYER,NO,BOLOGNA,FRANCE,ADAMA SOUMAORO
35,0,PLAYER,NO,BOLOGNA,NETHERLANDS,MITCHELL DIJKS
36,0,MANAGER,NO,BOLOGNA,CROATIA,SINISA MIHAJLOVIC
37,0,PLAYER,NO,BOLOGNA,SCOTLAND,AARON HICKEY
38,0,SQUAD,NO,BOLOGNA,ND,BOLOGNA SQUAD
39,0,PLAYER,NO,BOLOGNA,SENEGAL,IBRAHIMA MBAYE
40,1,PLAYER,NO,BOLOGNA,BELGIUM,ARTHUR THEATE
41,1,PLAYER,NO,BOLOGNA,ITALY,KEVIN BONIFAZI
42,1,PLAYER,NO,BOLOGNA,ITALY,LORENZO DE SILVESTRI
43,0,PLAYER,NO,BOLOGNA,ITALY,ROBERTO SORIANO
44,0,PLAYER,NO,BOLOGNA,CHILE,GARY MEDEL
45,1,PLAYER,NO,BOLOGNA,SWEDEN,MATTIAS SVANBERG
46,0,PLAYER,NO,BOLOGNA,NETHERLANDS,JERDY SCHOUTEN
47,0,PLAYER,NO,BOLOGNA,NIGERIA,MICHAEL KINGSLEY
48,1,PLAYER,NO,BOLOGNA,ARGENTINA,NICOLAS DOMINGUEZ
49,0,PLAYER,NO,BOLOGNA,ITALY,EMANUEL VIGNATO
50,0,KIT,YES,BOLOGNA,ND,BOLOGNA KIT
51,0,PLAYER,NO,BOLOGNA,NETHERLANDS,SYDNEY VAN HOOIJDONK
52,1,PLAYER,NO,BOLOGNA,DENMARK,ANDREAS SKOV OLSEN
53,0,PLAYER,NO,BOLOGNA,ITALY,RICCARDO ORSOLINI
54,0,PLAYER,NO,BOLOGNA,AUSTRIA,MARKO ARNAUTOVIC
55,0,PLAYER,NO,BOLOGNA,GAMBIA,MUSA BARROW
56,0,PLAYER,NO,BOLOGNA,ITALY,NICOLA SANSONE
57,0,CREST,YES,CAGLIARI,ND,CAGLIARI CREST
58,0,PLAYER,NO,CAGLIARI,ITALY,ALESSIO CRAGNO
59,0,PLAYER,NO,CAGLIARI,SERBIA,BORIS RADUNOVIC
60,0,PLAYER,NO,CAGLIARI,POLAND,SEBASTIAN WALUKIEWICZ
61,1,PLAYER,NO,CAGLIARI,ITALY,GABRIELE ZAPPA
62,1,MANAGER,NO,CAGLIARI,ITALY,WALTER MAZZARRI
63,0,PLAYER,NO,CAGLIARI,ITALY,RAOUL BELLANOVA
64,0,SQUAD,NO,CAGLIARI,ND,CAGLIARI SQUAD
65,1,PLAYER,NO,CAGLIARI,ITALY,ANDREA CARBONI
66,2,PLAYER,NO,CAGLIARI,URUGUAY,MARTIN CACERES
67,0,PLAYER,NO,CAGLIARI,BRAZIL,DALBERT
68,0,PLAYER,NO,CAGLIARI,ITALY,LUCA CEPPITELLI
69,0,PLAYER,NO,CAGLIARI,GREECE,CHARALAMPOS LYKOGIANNIS
70,0,PLAYER,NO,CAGLIARI,URUGUAY,DIEGO GODIN
71,2,PLAYER,NO,CAGLIARI,NETHERLANDS,KEVIN STROOTMAN
72,0,PLAYER,NO,CAGLIARI,URUGUAY,CHRISTIAN OLIVA
73,0,PLAYER,NO,CAGLIARI,ITALY,ALESSANDRO DEIOLA
74,0,PLAYER,NO,CAGLIARI,URUGUAY,NAHITAN NANDEZ
75,0,PLAYER,NO,CAGLIARI,ROMANIA,RAZVAN MARIN
76,0,KIT,YES,CAGLIARI,ND,CAGLIARI KIT
77,0,PLAYER,NO,CAGLIARI,ITALY,ALBERTO GRASSI
78,0,PLAYER,NO,CAGLIARI,ITALY,LEONARDO PAVOLETTI
79,0,PLAYER,NO,CAGLIARI,BRAZIL,DIEGO FARIAS
80,0,PLAYER,NO,CAGLIARI,URUGUAY,GASTON PEREIRO
81,0,PLAYER,NO,CAGLIARI,SENEGAL,KEITA BALDE
82,0,PLAYER,NO,CAGLIARI,BRAZIL,JOAO PEDRO
83,1,CREST,YES,EMPOLI,ND,EMPOLI CREST
84,0,PLAYER,NO,EMPOLI,ITALY,GUGLIELMO VICARIO
85,0,PLAYER,NO,EMPOLI,ITALY,JACOPO FURLAN
86,1,PLAYER,NO,EMPOLI,ITALY,MATTIA VITI
87,0,PLAYER,NO,EMPOLI,ALBANIA,ARDIAN ISMAJLI
88,1,MANAGER,NO,EMPOLI,ITALY,AURELIO ANDREAZZOLI
89,0,PLAYER,NO,EMPOLI,SLOVENIA,PETAR STOJANOVIC
90,1,SQUAD,NO,EMPOLI,ND,EMPOLI SQUAD
91,0,PLAYER,NO,EMPOLI,ITALY,SIMONE ROMAGNOLI
92,0,PLAYER,NO,EMPOLI,ITALY,RICCARDO MARCHIZZA
93,1,PLAYER,NO,EMPOLI,ITALY,SEBASTIANO LUPERTO
94,1,PLAYER,NO,EMPOLI,ITALY,LORENZO TONELLI
95,1,PLAYER,NO,EMPOLI,POLAND,SZYMON ZURKOWSKI
96,0,PLAYER,NO,EMPOLI,ITALY,SAMUELE RICCI
97,0,PLAYER,NO,EMPOLI,ALBANIA,KRISTJAN ASLLANI
98,0,PLAYER,NO,EMPOLI,ITALY,FILIPPO BANDINELLI
99,0,PLAYER,NO,EMPOLI,ALBANIA,NEDIM BAJRAMI
100,0,PLAYER,NO,EMPOLI,SWITZERLAND,NICOLAS HAAS
101,0,PLAYER,NO,EMPOLI,SLOVENIA,LEO STULAC
102,0,KIT,YES,EMPOLI,ND,EMPOLI KIT
103,0,PLAYER,NO,EMPOLI,SCOTLAND,LIAM HENDERSON
104,3,PLAYER,NO,EMPOLI,ITALY,LEONARDO MANCUSO
105,0,PLAYER,NO,EMPOLI,ITALY,ANDREA PINAMONTI
106,0,PLAYER,NO,EMPOLI,ITALY,PATRICK CUTRONE
107,0,PLAYER,NO,EMPOLI,ITALY,ANDREA LA MANTIA
108,1,PLAYER,NO,EMPOLI,ITALY,FEDERICO DI FRANCESCO
109,1,CREST,YES,FIORENTINA,ND,FIORENTINA CREST
110,0,PLAYER,NO,FIORENTINA,POLAND,BARTLOMIEJ DRAGOWSKI
111,0,PLAYER,NO,FIORENTINA,ITALY,PIETRO TERRACCIANO
112,1,PLAYER,NO,FIORENTINA,ARGENTINA,LUCAS MARTINEZ QUARTA
113,0,PLAYER,NO,FIORENTINA,ITALY,LORENZO VENUTI
114,0,MANAGER,NO,FIORENTINA,ITALY,VINCENZO ITALIANO
115,0,PLAYER,NO,FIORENTINA,ITALY,CRISTIANO BIRAGHI
116,0,SQUAD,NO,FIORENTINA,ND,FIORENTINA SQUAD
117,2,PLAYER,NO,FIORENTINA,BRAZIL,IGOR
118,0,PLAYER,NO,FIORENTINA,SPAIN,ALVARO ODRIOZOLA
119,1,PLAYER,NO,FIORENTINA,SERBIA,MATIJA NASTASIC
120,0,PLAYER,NO,FIORENTINA,SERBIA,NIKOLA MILENKOVIC
121,2,PLAYER,NO,FIORENTINA,ITALY,RICCARDO SAPONARA
122,0,PLAYER,NO,FIORENTINA,URUGUAY,LUCAS TORREIRA
123,0,PLAYER,NO,FIORENTINA,ITALY,MARCO BENASSI
124,1,PLAYER,NO,FIORENTINA,MOROCCO,SOFYAN AMRABAT
125,0,PLAYER,NO,FIORENTINA,GHANA,ALFRED DUNCAN
126,0,PLAYER,NO,FIORENTINA,ITALY,GIACOMO BONAVENTURA
127,0,PLAYER,NO,FIORENTINA,ITALY,GAETANO CASTROVILLI
128,0,KIT,YES,FIORENTINA,ND,FIORENTINA KIT
129,0,PLAYER,NO,FIORENTINA,MOROCCO,YOUSSEF MALEH
130,0,PLAYER,NO,FIORENTINA,CHILE,ERICK PULGAR
131,1,PLAYER,NO,FIORENTINA,SERBIA,DUSAN VLAHOVIC
132,0,PLAYER,NO,FIORENTINA,SPAIN,JOSE CALLEJON
133,1,PLAYER,NO,FIORENTINA,ARGENTINA,NICO GONZALEZ
134,0,PLAYER,NO,FIORENTINA,ITALY,RICCARDO SOTTIL
135,0,CREST,YES,GENOA,ND,GENOA CREST
136,1,PLAYER,NO,GENOA,ITALY,SALVATORE SIRIGU
137,0,PLAYER,NO,GENOA,ITALY,FEDERICO MARCHETTI
138,0,PLAYER,NO,GENOA,BELGIUM,ZINHO VANHEUSDEN
139,0,PLAYER,NO,GENOA,ITALY,STEFANO SABELLI
140,0,MANAGER,NO,GENOA,UKRAINE,ANDRIY SHEVCHENKO
141,0,PLAYER,NO,GENOA,ITALY,MATTIA BANI
142,0,SQUAD,NO,GENOA,ND,GENOA SQUAD
143,0,PLAYER,NO,GENOA,ITALY,DAVIDE BIRASCHI
144,0,PLAYER,NO,GENOA,ITALY,ANDREA CAMBIASO
145,0,PLAYER,NO,GENOA,SERBIA,NIKOLA MAKSIMOVIC
146,1,PLAYER,NO,GENOA,ITALY,DOMENICO CRISCITO
147,0,PLAYER,NO,GENOA,SWITZERLAND,VALON BEHRAMI
148,0,PLAYER,NO,GENOA,FRANCE,ABDOULAYE TOURÉ
149,0,PLAYER,NO,GENOA,CROATIA,MILAN BADELJ
150,0,PLAYER,NO,GENOA,ITALY,STEFANO STURARO
151,1,PLAYER,NO,GENOA,ALGERIA,MOHAMED FARES
152,0,PLAYER,NO,GENOA,BRAZIL,HERNANI
153,1,PLAYER,NO,GENOA,ITALY,NICOLO ROVELLA
154,0,KIT,YES,GENOA,ND,GENOA KIT
155,0,PLAYER,NO,GENOA,ITALY,PAOLO GHIGLIONE
156,1,PLAYER,NO,GENOA,NORTH MACEDONIA,GORAN PANDEV
157,0,PLAYER,NO,GENOA,ITALY,MATTIA DESTRO
158,0,PLAYER,NO,GENOA,ECUADOR,FELIPE CAICEDO
159,0,PLAYER,NO,GENOA,GHANA,CALEB EKUBAN
160,1,PLAYER,NO,GENOA,SIERRA LEONE,YAYAH KALLON
161,1,CREST,YES,HELLAS VERONA,ND,HELLAS VERONA CREST
162,1,PLAYER,NO,HELLAS VERONA,ITALY,LORENZO MONTIPO
163,0,PLAYER,NO,HELLAS VERONA,CROATIA,IVOR PANDUR
164,1,PLAYER,NO,HELLAS VERONA,CROATIA,BOSKO SUTALO
165,0,PLAYER,NO,HELLAS VERONA,ITALY,GIANGIACOMO MAGNANI
166,0,MANAGER,NO,HELLAS VERONA,CROATIA,IGOR TUDOR
167,0,PLAYER,NO,HELLAS VERONA,ITALY,NICOLO CASALE
168,0,SQUAD,NO,HELLAS VERONA,ND,HELLAS VERONA SQUAD
169,0,PLAYER,NO,HELLAS VERONA,TURKEY,MERT ÇETIN
170,0,PLAYER,NO,HELLAS VERONA,ITALY,FEDERICO CECCHERINI
171,0,PLAYER,NO,HELLAS VERONA,ITALY,DAVIDE FARAONI
172,1,PLAYER,NO,HELLAS VERONA,POLAND,PAWEL DAWIDOWICZ
173,0,PLAYER,NO,HELLAS VERONA,GERMANY,KORAY GUNTER
174,1,PLAYER,NO,HELLAS VERONA,CAMAROON,ADRIEN TAMEZE
175,0,PLAYER,NO,HELLAS VERONA,SERBIA,IVAN ILIC
176,0,PLAYER,NO,HELLAS VERONA,CZECH REPUBLIC,ANTONIN BARAK
177,1,PLAYER,NO,HELLAS VERONA,PORTUGAL,MIGUEL VELOSO
178,0,PLAYER,NO,HELLAS VERONA,SERBIA,DARKO LAZOVIC
179,0,PLAYER,NO,HELLAS VERONA,ITALY,DANIEL BESSA
180,1,KIT,YES,HELLAS VERONA,ND,HELLAS VERONA KIT
181,0,PLAYER,NO,HELLAS VERONA,CAMAROON,MARTIN HONGLA
182,0,PLAYER,NO,HELLAS VERONA,ITALY,MATTEO CANCELLIERI
183,0,PLAYER,NO,HELLAS VERONA,ARGENTINA,GIOVANNI SIMEONE
184,1,PLAYER,NO,HELLAS VERONA,ITALY,KEVIN LASAGNA
185,0,PLAYER,NO,HELLAS VERONA,CROATIA,NIKOLA KALINIC
186,0,PLAYER,NO,HELLAS VERONA,ITALY,GIANLUCA CAPRARI
187,0,CREST,YES,INTER,ND,INTER CREST
188,0,PLAYER,NO,INTER,SLOVENIA,SAMIR HANDANOVIC
189,1,PLAYER,NO,INTER,ROMANIA,IONUT RADU
190,0,PLAYER,NO,INTER,SLOVAKIA,MILAN SKRINIAR
191,0,PLAYER,NO,INTER,ITALY,DANILO D’AMBROSIO
192,0,MANAGER,NO,INTER,ITALY,SIMONE INZAGHI
193,0,PLAYER,NO,INTER,ITALY,ALESSANDRO BASTONI
194,1,SQUAD,NO,INTER,ND,INTER SQUAD
195,0,PLAYER,NO,INTER,ITALY,MATTEO DARMIAN
196,0,PLAYER,NO,INTER,NETHERLANDS,STEFAN DE VRIJ
197,1,PLAYER,NO,INTER,ITALY,ANDREA RANOCCHIA
198,0,PLAYER,NO,INTER,ITALY,FEDERICO DIMARCO
199,0,PLAYER,NO,INTER,ITALY,NICOLO BARELLA
200,1,PLAYER,NO,INTER,CHILE,ARTURO VIDAL
201,1,PLAYER,NO,INTER,TURKEY,HAKAN CALHANOGLU
202,0,PLAYER,NO,INTER,CROATIA,MARCELO BROZOVIC
203,0,PLAYER,NO,INTER,NETHERLANDS,DENZEL DUMFRIES
204,0,PLAYER,NO,INTER,ITALY,ROBERTO GAGLIARDINI
205,0,PLAYER,NO,INTER,CROATIA,IVAN PERISIC
206,1,KIT,YES,INTER,ND,INTER KIT
207,0,PLAYER,NO,INTER,ITALY,STEFANO SENSI
208,0,PLAYER,NO,INTER,URUGUAY,MATIAS VECINO
209,0,PLAYER,NO,INTER,CHILE,ALEXIS SANCHEZ
210,0,PLAYER,NO,INTER,ARGENTINA,JOAQUIN CORREA
211,0,PLAYER,NO,INTER,BOSNIA AND HERZEGOVINA,EDIN DZEKO
212,0,PLAYER,NO,INTER,ARGENTINA,LAUTARO MARTINEZ
213,1,CREST,YES,JUVENTUS,ND,JUVENTUS CREST
214,1,PLAYER,NO,JUVENTUS,POLAND,WOJCIECH SZCZESNY
215,2,PLAYER,NO,JUVENTUS,ITALY,MATTIA PERIN
216,0,PLAYER,NO,JUVENTUS,ITALY,GIORGIO CHIELLINI
217,1,PLAYER,NO,JUVENTUS,BRAZIL,ALEX SANDRO
218,0,MANAGER,NO,JUVENTUS,ITALY,MASSIMILIANO ALLEGRI
219,1,PLAYER,NO,JUVENTUS,ITALY,LEONARDO BONUCCI
220,0,SQUAD,NO,JUVENTUS,ND,JUVENTUS SQUAD
221,0,PLAYER,NO,JUVENTUS,ITALY,MATTIA DE SCIGLIO
222,1,PLAYER,NO,JUVENTUS,COLOMBIA,JUAN CUADRADO
223,0,PLAYER,NO,JUVENTUS,BRAZIL,DANILO
224,0,PLAYER,NO,JUVENTUS,NETHERLANDS,MATTHIJS DE LIGT
225,1,PLAYER,NO,JUVENTUS,WALES,AARON RAMSEY
226,2,PLAYER,NO,JUVENTUS,URUGUAY,RODRIGO BENTANCUR
227,0,PLAYER,NO,JUVENTUS,BRAZIL,ARTHUR
228,1,PLAYER,NO,JUVENTUS,ITALY,FEDERICO BERNARDESCHI
229,1,PLAYER,NO,JUVENTUS,FRANCE,ADRIEN RABIOT
230,0,PLAYER,NO,JUVENTUS,ITALY,FEDERICO CHIESA
231,1,PLAYER,NO,JUVENTUS,SWEDEN,DEJAN KULUSEVSKI
232,0,KIT,YES,JUVENTUS,ND,JUVENTUS KIT
233,1,PLAYER,NO,JUVENTUS,ITALY,MANUEL LOCATELLI
234,0,PLAYER,NO,JUVENTUS,UNITED STATES,WESTON MCKENNIE
235,0,PLAYER,NO,JUVENTUS,BRAZIL,KAIO JORGE
236,1,PLAYER,NO,JUVENTUS,ARGENTINA,PAULO DYBALA
237,1,PLAYER,NO,JUVENTUS,ITALY,MOISE KEAN
238,1,PLAYER,NO,JUVENTUS,SPAIN,ALVARO MORATA
239,0,CREST,YES,LAZIO,ND,LAZIO CREST
240,1,PLAYER,NO,LAZIO,SPAIN,PEPE REINA
241,1,PLAYER,NO,LAZIO,ALGERIA,THOMAS STRAKOSHA
242,0,PLAYER,NO,LAZIO,ROMANIA,ȘTEFAN RADU
243,0,PLAYER,NO,LAZIO,MONTENEGRO,ADAM MARUSIC
244,0,MANAGER,NO,LAZIO,ITALY,MAURIZIO SARRI
245,0,PLAYER,NO,LAZIO,ITALY,FRANCESCO ACERBI
246,0,SQUAD,NO,LAZIO,ND,LAZIO SQUAD
247,0,PLAYER,NO,LAZIO,ALBANIA,ELSEID HYSAJ
248,1,PLAYER,NO,LAZIO,ITALY,MANUEL LAZZARI
249,0,PLAYER,NO,LAZIO,BRAZIL,LUIZ FELIPE
250,1,PLAYER,NO,LAZIO,SPAIN,PATRIC
251,0,PLAYER,NO,LAZIO,ITALY,LUCAS LEIVA
252,0,PLAYER,NO,LAZIO,ITALY,MATTIA ZACCAGNI
253,0,PLAYER,NO,LAZIO,SERBIA,SERGEJ MILINKOVIC-SAVIC
254,0,PLAYER,NO,LAZIO,SPAIN,LUIS ALBERTO
255,0,PLAYER,NO,LAZIO,IVORY COAST,JEAN-DANIEL AKPA-AKPRO
256,0,PLAYER,NO,LAZIO,CROATIA,TOMA BASIC
257,0,PLAYER,NO,LAZIO,BRAZIL,ANDRÉ ANDERSON
258,0,KIT,YES,LAZIO,ND,LAZIO KIT
259,0,PLAYER,NO,LAZIO,ITALY,DANILO CATALDI
260,1,PLAYER,NO,LAZIO,SPAIN,PEDRO RODREGUEZ
261,0,PLAYER,NO,LAZIO,SPAIN,RAUL MORO
262,2,PLAYER,NO,LAZIO,BRAZIL,FELIPE ANDERSON
263,0,PLAYER,NO,LAZIO,KOSOVO,VEDAT MURIQI
264,0,PLAYER,NO,LAZIO,ITALY,CIRO IMMOBILE
265,1,CREST,YES,MILAN,ND,MILAN CREST
266,1,PLAYER,NO,MILAN,FRANCE,MIKE MAIGNAN
267,0,PLAYER,NO,MILAN,ROMANIA,CIPRIAN TATARUSANU
268,0,PLAYER,NO,MILAN,ENGLAND,FIKAYO TOMORI
269,0,PLAYER,NO,MILAN,ITALY,ALESSIO ROMAGNOLI
270,0,MANAGER,NO,MILAN,ITALY,STEFANO PIOLI
271,0,PLAYER,NO,MILAN,ITALY,DAVIDE CALABRIA
272,2,SQUAD,NO,MILAN,ND,MILAN SQUAD
273,0,PLAYER,NO,MILAN,ITALY,ALESSANDRO FLORENZI
274,0,PLAYER,NO,MILAN,FRANCE,PIERRE KALULU
275,2,PLAYER,NO,MILAN,FRANCE,THEO HERNÁNDEZ
276,0,PLAYER,NO,MILAN,DENMARK,SIMON KJAER
277,1,PLAYER,NO,MILAN,ITALY,SANDRO TONALI
278,0,PLAYER,NO,MILAN,IVORY COAST,FRANCK KESSIE
279,0,PLAYER,NO,MILAN,FRANCE,TIEMOUE BAKAYOKO
280,0,PLAYER,NO,MILAN,ALGERIA,ISMAEL BENNACER
281,0,PLAYER,NO,MILAN,SPAIN,BRAHIM DIAZ
282,1,PLAYER,NO,MILAN,BRAZIL,JUNIOR MESSIAS
283,0,PLAYER,NO,MILAN,BELGIUM,ALEXIS SAELEMAEKERS
284,0,KIT,YES,MILAN,ND,MILAN KIT
285,0,PLAYER,NO,MILAN,SWEDEN,ZLATAN IBRAHIMOVIC
286,0,PLAYER,NO,MILAN,FRANCE,OLIVIER GIROUD
287,0,PLAYER,NO,MILAN,CROATIA,ANTE REBIC
288,0,PLAYER,NO,MILAN,ITALY,DANIEL MALDINI
289,0,PLAYER,NO,MILAN,PORTUGAL,RAFAEL LEAO
290,0,PLAYER,NO,MILAN,ITALY,PIETRO PELLEGRI
291,0,CREST,YES,NAPOLI,ND,NAPOLI CREST
292,0,PLAYER,NO,NAPOLI,COLOMBIA,DAVID OSPINA
293,0,PLAYER,NO,NAPOLI,ITALY,ALEX MERET
294,0,PLAYER,NO,NAPOLI,ALGERIA,FAOUZI GHOULAM
295,0,PLAYER,NO,NAPOLI,PORTUGAL,MARIO RUI
296,0,MANAGER,NO,NAPOLI,ITALY,LUCIANO SPALLETTI
297,1,PLAYER,NO,NAPOLI,ITALY,GIOVANNI DI LORENZO
298,2,SQUAD,NO,NAPOLI,ND,NAPOLI SQUAD
299,0,PLAYER,NO,NAPOLI,SENEGAL,KALIDOU KOULIBALY
300,0,PLAYER,NO,NAPOLI,GREECE,KOSTAS MANOLAS
301,1,PLAYER,NO,NAPOLI,KOSOVO,AMIR RRAHMANI
302,0,PLAYER,NO,NAPOLI,BRAZIL,JUAN JESUS
303,0,PLAYER,NO,NAPOLI,GERMANY,DIEGO DEMME
304,1,PLAYER,NO,NAPOLI,POLAND,PIOTR ZIELINSKI
305,0,PLAYER,NO,NAPOLI,SPAIN,FABIAN RUIZ
306,0,PLAYER,NO,NAPOLI,NORTH MACEDONIA,ELJIF ELMAS
307,0,PLAYER,NO,NAPOLI,SLOVAKIA,STANISLAV LOBOTKA
308,1,PLAYER,NO,NAPOLI,CAMAROON,ANDRÉ-FRANK ZAMBO ANGUISSA
309,1,PLAYER,NO,NAPOLI,ITALY,MATTEO POLITANO
310,0,KIT,YES,NAPOLI,ND,NAPOLI KIT
311,0,PLAYER,NO,NAPOLI,ALGERIA,ADAM OUNAS
312,0,PLAYER,NO,NAPOLI,ITALY,LORENZO INSIGNE
313,0,PLAYER,NO,NAPOLI,MEXICO,HIRVING LOZANO
314,0,PLAYER,NO,NAPOLI,BELGIUM,DRIES MERTENS
315,1,PLAYER,NO,NAPOLI,NIGERIA,VICTOR OSIMHEN
316,0,PLAYER,NO,NAPOLI,ITALY,ANDREA PETAGNA
317,1,CREST,YES,ROMA,ND,ROMA CREST
318,0,PLAYER,NO,ROMA,PORTUGAL,RUI PATRICIO
319,0,PLAYER,NO,ROMA,BRAZIL,DANIEL FUZATO
320,0,PLAYER,NO,ROMA,BRAZIL,ROGER IBANEZ
321,1,PLAYER,NO,ROMA,URUGUAY,MATÍAS VIÑA
322,0,MANAGER,NO,ROMA,PORTUGAL,JOSÉ MOURINHO
323,1,PLAYER,NO,ROMA,ITALY,GIANLUCA MANCINI
324,0,SQUAD,NO,ROMA,ND,ROMA SQUAD
325,0,PLAYER,NO,ROMA,ITALY,RICCARDO CALAFIORI
326,0,PLAYER,NO,ROMA,NETHERLANDS,RICK KARSDORP
327,1,PLAYER,NO,ROMA,ALBANIA,MARASH KUMBULLA
328,1,PLAYER,NO,ROMA,ITALY,LEONARDO SPINAZZOLA
329,0,PLAYER,NO,ROMA,ENGLAND,CHRIS SMALLING
330,0,PLAYER,NO,ROMA,ITALY,NICOLO ZANIOLO
331,0,PLAYER,NO,ROMA,ITALY,BRYAN CRISTANTE
332,1,PLAYER,NO,ROMA,SPAIN,GONZALO VILLAR
333,0,PLAYER,NO,ROMA,GAMBIA,EBRIMA DARBOE
334,0,PLAYER,NO,ROMA,ARMENIA,HENRIKH MKHITARYAN
335,0,PLAYER,NO,ROMA,ITALY,LORENZO PELLEGRINI
336,0,KIT,YES,ROMA,ND,ROMA KIT
337,0,PLAYER,NO,ROMA,FRANCE,JORDAN VERETOUT
338,0,PLAYER,NO,ROMA,ENGLAND,TAMMY ABRAHAM
339,1,PLAYER,NO,ROMA,UZBEKISTAN,ELDOR SHOMURODOV
340,1,PLAYER,NO,ROMA,SPAIN,CARLES PEREZ
341,0,PLAYER,NO,ROMA,SPAIN,BORJA MAYORAL
342,0,PLAYER,NO,ROMA,ITALY,STEPHAN EL SHAARAWY
343,0,CREST,YES,SALERNITANA,ND,SALERNITANA CREST
344,0,PLAYER,NO,SALERNITANA,SLOVENIA,VID BELEC
345,1,PLAYER,NO,SALERNITANA,ITALY,VINCENZO FIORILLO
346,0,PLAYER,NO,SALERNITANA,ITALY,RICCARDO GAGLIOLO
347,0,PLAYER,NO,SALERNITANA,ITALY,NADIR ZORTEA
348,1,MANAGER,NO,SALERNITANA,ITALY,STEFANO COLANTUONO
349,0,PLAYER,NO,SALERNITANA,SLOVAKIA,NORBERT GYOMBER
350,0,SQUAD,NO,SALERNITANA,ND,SALERNITANA SQUAD
351,0,PLAYER,NO,SALERNITANA,CROATIA,LUKA BOGDAN
352,0,PLAYER,NO,SALERNITANA,TUNISIA,WAJDI KECHRIDA
353,0,PLAYER,NO,SALERNITANA,POLAND,PAWEL JAROSZYNSKI
354,2,PLAYER,NO,SALERNITANA,NORWAY,STEFAN STRANDBERG
355,0,PLAYER,NO,SALERNITANA,ITALY,LUCA RANIERI
356,0,PLAYER,NO,SALERNITANA,ITALY,MATTEO RUGGERI
357,1,PLAYER,NO,SALERNITANA,NIGERIA,JOEL OBI
358,0,PLAYER,NO,SALERNITANA,ITALY,LEONARDO CAPEZZI
359,0,PLAYER,NO,SALERNITANA,SENEGAL,MAMADOU COULIBALY
360,0,PLAYER,NO,SALERNITANA,MALI,LASSANA COULIBALY
361,0,PLAYER,NO,SALERNITANA,CYPRUS,GRIGORIS KASTANOS
362,1,KIT,YES,SALERNITANA,ND,SALERNITANA KIT
363,0,PLAYER,NO,SALERNITANA,ITALY,FRANCESCO DI TACCHIO
364,1,PLAYER,NO,SALERNITANA,FRANCE,FRANCK RIBÉRY
365,0,PLAYER,NO,SALERNITANA,NIGERIA,SIMY
366,0,PLAYER,NO,SALERNITANA,ITALY,FEDERICO BONAZZOLI
367,1,PLAYER,NO,SALERNITANA,BOSNIA AND HERZEGOVINA,MILAN DJURIC
368,0,PLAYER,NO,SALERNITANA,IVORY COAST,CEDRIC GONDO
369,0,CREST,YES,SAMPDORIA,ND,SAMPDORIA CREST
370,0,PLAYER,NO,SAMPDORIA,ITALY,EMIL AUDERO
371,1,PLAYER,NO,SAMPDORIA,ITALY,WLADIMIRO FALCONE
372,0,PLAYER,NO,SAMPDORIA,POLAND,BARTOSZ BERESZYNSKI
373,0,PLAYER,NO,SAMPDORIA,JAPAN,MAYA YOSHIDA
374,1,MANAGER,NO,SAMPDORIA,ITALY,ROBERTO DAVERSA
375,1,PLAYER,NO,SAMPDORIA,ITALY,ALEX FERRARI
376,1,SQUAD,NO,SAMPDORIA,ND,SAMPDORIA SQUAD
377,1,PLAYER,NO,SAMPDORIA,ITALY,FABIO DEPAOLI
378,0,PLAYER,NO,SAMPDORIA,ITALY,TOMMASO AUGELLO
379,1,PLAYER,NO,SAMPDORIA,GERMANY,JULIAN CHABOT
380,0,PLAYER,NO,SAMPDORIA,GAMBIA,OMAR COLLEY
381,0,PLAYER,NO,SAMPDORIA,ITALY,NICOLA MURRU
382,0,PLAYER,NO,SAMPDORIA,NORWAY,KRISTOFFER ASKILDSEN
383,1,PLAYER,NO,SAMPDORIA,ITALY,VALERIO VERRE
384,0,PLAYER,NO,SAMPDORIA,ITALY,ANTONIO CANDREVA
385,0,PLAYER,NO,SAMPDORIA,DENMARK,MIKKEL DAMSGAARD
386,2,PLAYER,NO,SAMPDORIA,SWEDEN,ALBIN EKDAL
387,0,PLAYER,NO,SAMPDORIA,NORWAY,MORTEN THORSBY
388,1,KIT,YES,SAMPDORIA,ND,SAMPDORIA KIT
389,0,PLAYER,NO,SAMPDORIA,PORTUGAL,ADRIEN SILVA
390,0,PLAYER,NO,SAMPDORIA,ITALY,SIMONE TRIMBOLI
391,0,PLAYER,NO,SAMPDORIA,ITALY,ERNESTO TORREGROSSA
392,0,PLAYER,NO,SAMPDORIA,ITALY,FRANCESCO CAPUTO
393,0,PLAYER,NO,SAMPDORIA,ITALY,FABIO QUAGLIARELLA
394,1,PLAYER,NO,SAMPDORIA,ITALY,MANOLO GABBIADINI
395,0,CREST,YES,SASSUOLO,ND,SASSUOLO CREST
396,0,PLAYER,NO,SASSUOLO,ITALY,ANDREA CONSIGLI
397,0,PLAYER,NO,SASSUOLO,ITALY,GIANLUCA PEGOLO
398,1,PLAYER,NO,SASSUOLO,GERMANY,JEREMY TOLJAN
399,2,PLAYER,NO,SASSUOLO,BRAZIL,ROGERIO
400,1,MANAGER,NO,SASSUOLO,ITALY,ALESSIO DIONISI
401,2,PLAYER,NO,SASSUOLO,GREECE,GEORGIOS KYRIAKOPOULOS
402,0,SQUAD,NO,SASSUOLO,ND,SASSUOLO SQUAD
403,2,PLAYER,NO,SASSUOLO,ITALY,GIAN MARCO FERRARI
404,0,PLAYER,NO,SASSUOLO,TURKEY,KAAN AYHAN
405,0,PLAYER,NO,SASSUOLO,ROMANIA,VLAD CHIRICHES
406,0,PLAYER,NO,SASSUOLO,ITALY,EDOARDO GOLDANIGA
407,1,PLAYER,NO,SASSUOLO,TURKEY,MERT MULDUR
408,1,PLAYER,NO,SASSUOLO,SERBIA,FILIP DJURIČIC
409,1,PLAYER,NO,SASSUOLO,IVORY COAST,HAMED TRAORÉ
410,0,PLAYER,NO,SASSUOLO,FRANCE,MAXIME LOPEZ
411,0,PLAYER,NO,SASSUOLO,MOROCCO,ABDOU HARROUI
412,0,PLAYER,NO,SASSUOLO,ITALY,FRANCESCO MAGNANELLI
413,2,PLAYER,NO,SASSUOLO,BRAZIL,MATHEUS HENRIQUE
414,0,KIT,YES,SASSUOLO,ND,SASSUOLO KIT
415,0,PLAYER,NO,SASSUOLO,ITALY,DAVIDE FRATTESI
416,2,PLAYER,NO,SASSUOLO,ITALY,DOMENICO BERARDI
417,0,PLAYER,NO,SASSUOLO,ITALY,GIANLUCA SCAMACCA
418,1,PLAYER,NO,SASSUOLO,IVORY COAST,JEREMIE BOGA
419,1,PLAYER,NO,SASSUOLO,ITALY,GIACOMO RASPADORI
420,0,PLAYER,NO,SASSUOLO,FRANCE,GREGOIRE DEFREL
421,0,CREST,YES,SPEZIA,ND,SPEZIA CREST
422,0,PLAYER,NO,SPEZIA,NETHERLANDS,JEROEN ZOET
423,0,PLAYER,NO,SPEZIA,ITALY,IVAN PROVEDEL
424,0,PLAYER,NO,SPEZIA,ITALY,SIMONE BASTONI
425,0,PLAYER,NO,SPEZIA,POLAND,ARKADIUSZ RECA
426,1,MANAGER,NO,SPEZIA,ITALY,THIAGO MOTTA
427,0,PLAYER,NO,SPEZIA,GREECE,DIMITRIOS NIKOLAOU
428,0,SQUAD,NO,SPEZIA,ND,SPEZIA SQUAD
429,0,PLAYER,NO,SPEZIA,SPAIN,SALVA FERRER
430,0,PLAYER,NO,SPEZIA,CROATIA,MARTIN ERLIC
431,0,PLAYER,NO,SPEZIA,FRANCE,KELVIN AMIAN
432,0,PLAYER,NO,SPEZIA,BULGARIA,PETKO HRISTOV
433,1,PLAYER,NO,SPEZIA,COLOMBIA,KEVIN AGUDELO
434,0,PLAYER,NO,SPEZIA,ITALY,JACOPO SALA
435,1,PLAYER,NO,SPEZIA,UKRAINE,VIKTOR KOVALENKO
436,0,PLAYER,NO,SPEZIA,ITALY,GIULIO MAGGIORE
437,0,PLAYER,NO,SPEZIA,MOROCCO,MEHDI BOURABIA
438,1,PLAYER,NO,SPEZIA,SLOVAKIA,DAVID STRELEC
439,0,PLAYER,NO,SPEZIA,ITALY,DANIELE VERDE
440,0,KIT,YES,SPEZIA,ND,SPEZIA KIT
441,0,PLAYER,NO,SPEZIA,FRANCE,JANIS ANTISTE
442,0,PLAYER,NO,SPEZIA,GAMBIA,EBRIMA COLLEY
443,1,PLAYER,NO,SPEZIA,ALBANIA,REY MANAJ
444,0,PLAYER,NO,SPEZIA,ANGOLA,MBALA NZOLA
445,1,PLAYER,NO,SPEZIA,ITALY,EDDIE SALCEDO
446,0,PLAYER,NO,SPEZIA,GHANA,EMMANUEL GYASI
447,1,CREST,YES,TORINO,ND,TORINO KIT
448,0,PLAYER,NO,TORINO,SERBIA,VANJA MILINKOVIC-SAVIC
449,0,PLAYER,NO,TORINO,ALBANIA,ETRIT BERISHA
450,2,PLAYER,NO,TORINO,IVORY COAST,KOFFI DJIDJI
451,0,PLAYER,NO,TORINO,CZECH REPUBLIC,DAVID ZIMA
452,1,MANAGER,NO,TORINO,CROATIA,IVAN JURIĆ
453,0,PLAYER,NO,TORINO,ARGENTINA,CRISTIAN ANSALDI
454,1,SQUAD,NO,TORINO,ND,TORINO SQUAD
455,0,PLAYER,NO,TORINO,NIGERIA,OLA AINA
456,0,PLAYER,NO,TORINO,KOSOVO,MËRGIM VOJVODA
457,1,PLAYER,NO,TORINO,BRAZIL,GLEISON BREMER
458,0,PLAYER,NO,TORINO,SWITZERLAND,RICARDO RODRIGUEZ
459,0,PLAYER,NO,TORINO,IVORY COAST,WILFRIED SINGO
460,0,PLAYER,NO,TORINO,ITALY,ALESSANDRO BUONGIORNO
461,0,PLAYER,NO,TORINO,BELGIUM,DENNIS PRAET
462,0,PLAYER,NO,TORINO,VENEZUELA,TOMAS RINCON
463,0,PLAYER,NO,TORINO,ITALY,ROLANDO MANDRAGORA
464,0,PLAYER,NO,TORINO,SERBIA,SAŠA LUKIC
465,2,PLAYER,NO,TORINO,ITALY,TOMMASO POBEGA
466,0,KIT,YES,TORINO,ND,TORINO KIT
467,1,PLAYER,NO,TORINO,POLAND,KAROL LINETTY
468,0,PLAYER,NO,TORINO,PARAGUAY,ANTONIO SANABRIA
469,0,PLAYER,NO,TORINO,ITALY,ANDREA BELOTTI
470,0,PLAYER,NO,TORINO,ITALY,SIMONE VERDI
471,0,PLAYER,NO,TORINO,CROATIA,JOSIP BREKALO
472,0,PLAYER,NO,TORINO,CROATIA,MARKO PJACA
473,1,CREST,YES,UDINESE,ND,UDINESE CREST
474,0,PLAYER,NO,UDINESE,ITALY,MARCO SILVESTRI
475,1,PLAYER,NO,UDINESE,ITALY,DANIELE PADELLI
476,0,PLAYER,NO,UDINESE,ARGENTINA,NAHUEL MOLINA
477,1,PLAYER,NO,UDINESE,NETHERLANDS,MARVIN ZEEGELAAR
478,0,MANAGER,NO,UDINESE,ITALY,LUCA GOTTI
479,0,PLAYER,NO,UDINESE,DENMARK,JENS STRYGER LARSEN
480,0,SQUAD,NO,UDINESE,ND,UDINESE SQUAD
481,0,PLAYER,NO,UDINESE,NETHERLANDS,BRAM NUYTINCK
482,0,PLAYER,NO,UDINESE,BRAZIL,RODRIGO BECAO
483,0,PLAYER,NO,UDINESE,BRAZIL,SAMIR
484,1,PLAYER,NO,UDINESE,ARGENTINA,NEHUEN PÉREZ
485,0,PLAYER,NO,UDINESE,FRANCE,BRANDON SOPPY
486,0,PLAYER,NO,UDINESE,ITALY,DESTINY UDOGIE
487,2,PLAYER,NO,UDINESE,BRAZIL,WALACE
488,0,PLAYER,NO,UDINESE,ARGENTINA,ROBERTO PEREYRA
489,0,PLAYER,NO,UDINESE,GERMANY,TOLGAY ARSLAN
490,0,PLAYER,NO,UDINESE,BOSNIA AND HERZEGOVINA,MATO JAJALO
491,0,PLAYER,NO,UDINESE,FRANCE,JEAN-VICTOR MAKENGO
492,0,KIT,YES,UDINESE,ND,UDINESE KIT
493,1,PLAYER,NO,UDINESE,GERMANY,LAZAR SAMARDZIC
494,0,PLAYER,NO,UDINESE,ITALY,FERNANDO FORESTIERI
495,0,PLAYER,NO,UDINESE,ARGENTINA,IGNACIO PUSSETTO
496,1,PLAYER,NO,UDINESE,SPAIN,GERARD DEULOFEU
497,0,PLAYER,NO,UDINESE,PORTUGAL,BETO
498,0,PLAYER,NO,UDINESE,NIGERIA,ISAAC SUCCESS
499,0,CREST,YES,VENEZIA,ND,VENEZIA CREST
500,1,PLAYER,NO,VENEZIA,ARGENTINA,SERGIO ROMERO
501,0,PLAYER,NO,VENEZIA,FINLAND,NIKI MAENPAA
502,0,PLAYER,NO,VENEZIA,ITALY,MATTIA CALDARA
503,1,PLAYER,NO,VENEZIA,AUSTRIA,MICHAEL SVOBODA
504,0,MANAGER,NO,VENEZIA,ITALY,PAOLO ZANETTI
505,0,PLAYER,NO,VENEZIA,ITALY,PIETRO CECCARONI
506,0,SQUAD,NO,VENEZIA,ND,VENEZIA SQUAD
507,0,PLAYER,NO,VENEZIA,WALES,ETHAN AMPADU
508,0,PLAYER,NO,VENEZIA,ITALY,PASQUALE MAZZOCCHI
509,0,PLAYER,NO,VENEZIA,ITALY,CRISTIAN MOLINARO
510,1,PLAYER,NO,VENEZIA,UNITED STATES,GIANLUCA BUSIO
511,1,PLAYER,NO,VENEZIA,ITALY,ANTONIO VACCA
512,2,PLAYER,NO,VENEZIA,UNITED STATES,TANNER TESSMANN
513,0,PLAYER,NO,VENEZIA,BELGIUM,DAAN HEYMANS
514,0,PLAYER,NO,VENEZIA,ITALY,LUCA FIORDILINO
515,0,PLAYER,NO,VENEZIA,SLOVENIA,DOMEN CRNIGOJ
516,1,PLAYER,NO,VENEZIA,MOROCCO,SOFIAN KIYINE
517,0,PLAYER,NO,VENEZIA,ISRAEL,DOR PERETZ
518,0,KIT,YES,VENEZIA,ND,VENEZIA KIT
519,0,PLAYER,NO,VENEZIA,ICELAND,ARNOR SIGURDSSON
520,1,PLAYER,NO,VENEZIA,ITALY,FRANCESCO FORTE
521,0,PLAYER,NO,VENEZIA,NIGERIA,DAVID OKEREKE
522,0,PLAYER,NO,VENEZIA,NORWAY,DENNIS JOHNSEN
523,0,PLAYER,NO,VENEZIA,FRANCE,THOMAS HENRY
524,0,PLAYER,NO,VENEZIA,ITALY,MATTIA ARAMU
525,0,SPECIAL,YES,ND,ND,AZZURRA DA SOGNO CARNESECCHI / PLIZZARI
526,0,SPECIAL,YES,ND,ND,AZZURRA DA SOGNO ADJAPONG / BASTONI
527,1,SPECIAL,YES,ND,ND,AZZURRA DA SOGNO BELLANOVA/BETTELLA
528,0,SPECIAL,YES,ND,ND,AZZURRA DA SOGNO CALAFIORI / DELPRATO
529,0,SPECIAL,YES,ND,ND,AZZURRA DA SOGNO FRABOTTA / MARCHIZZA
530,0,SPECIAL,YES,ND,ND,AZZURRA DA SOGNO PELLEGRINI / PIROLA
531,0,SPECIAL,YES,ND,ND,AZZURRA DA SOGNO TRIPALDELLI / VARNIER
532,1,SPECIAL,YES,ND,ND,AZZURRA DA SOGNO VOGLIACCO/FRATTESI
533,0,SPECIAL,YES,ND,ND,AZZURRA DA SOGNO LOCATELLI / MELEGONI
534,1,SPECIAL,YES,ND,ND,AZZURRA DA SOGNO TONALI/ZANIOLO
535,1,SPECIAL,YES,ND,ND,AZZURRA DA SOGNO COLOMBO/CUTRONE
536,0,SPECIAL,YES,ND,ND,AZZURRA DA SOGNO KEAN / LUCCA
537,2,SPECIAL,YES,ND,ND,AZZURRA DA SOGNO PELLEGRI/PINAMONTI
538,1,SPECIAL,YES,ND,ND,AZZURRA DA SOGNO RASPADORI/SCAMACCA
539,1,SPECIAL,YES,ND,ND,AZZURRA DA SOGNO TUMMINELLO/VIGNATO
540,0,SPECIAL,YES,ND,ND,TOP PERFORMERS GOSENS / ARNAUTOVIC
541,0,SPECIAL,YES,ND,ND,TOP PERFORMERS CRAGNO / VICARIO
542,0,SPECIAL,YES,ND,ND,TOP PERFORMERS VLAHOVIC / CRISCITO
543,0,SPECIAL,YES,ND,ND,TOP PERFORMERS FARAONI / MARTINEZ
544,1,SPECIAL,YES,ND,ND,TOP PERFORMERS DYBALA / IMMOBILE
545,0,SPECIAL,YES,ND,ND,TOP PERFORMERS KESSIÉ / INSIGNE
546,1,SPECIAL,YES,ND,ND,TOP PERFORMERS PELLEGRINI / RIBERY
547,0,SPECIAL,YES,ND,ND,TOP PERFORMERS AUDERO / BERARDI
548,0,SPECIAL,YES,ND,ND,TOP PERFORMERS NZOLA / BELOTTI
549,0,SPECIAL,YES,ND,ND,TOP PERFORMERS DEULOFEU / CALDARA
550,0,FEM SQUAD,NO,EMPOLI,ND,EMPOLI FEMININE SQUAD
551,1,FEM SQUAD,NO,FIORENTINA,ND,FIORENTINA FEMININE SQUAD
552,0,FEM SQUAD,NO,HELLAS VERONA,ND,HELLAS VERONA FEMININE SQUAD
553,0,FEM SQUAD,NO,INTER,ND,INTER FEMININE SQUAD
554,0,FEM SQUAD,NO,JUVENTUS,ND,JUVENTUS FEMININE SQUAD
555,1,FEM SQUAD,NO,LAZIO,ND,LAZIO FEMININE SQUAD
556,0,FEM SQUAD,NO,MILAN,ND,MILAN FEMININE SQUAD
557,1,FEM SQUAD,NO,NAPOLI,ND,NAPOLI FEMININE SQUAD
558,0,FEM SQUAD,NO,POMIGLIANO,ND,POMIGLIANO FEMININE SQUAD
559,0,FEM SQUAD,NO,ROMA,ND,ROMA FEMININE SQUAD
560,0,FEM SQUAD,NO,SAMPDORIA,ND,SAMPDORIA FEMININE SQUAD
561,0,FEM SQUAD,NO,SASSUOLO,ND,SASSUOLO FEMININE SQUAD
562,1,SERIE B CREST,YES,ALESSANDRIA,ND,ALESSANDRIA CREST
563,0,SERIE B TRIPLE PLAYER,NO,ALESSANDRIA,ND,MATTEO PISSERI / ALESSANDRO RUSSO / MATTEO DI GENNARO
564,1,SERIE B TRIPLE PLAYER,NO,ALESSANDRIA,ND,SIMONE BENEDETTI / LUCA PARODI / GIUSEPPE PRESTIA
565,0,SERIE B TRIPLE PLAYER,NO,ALESSANDRIA,ND,ABOU-MALAL BA / ANDREA BEGHETTO / MATTIA MUSTACCHIO
566,1,SERIE B TRIPLE PLAYER,NO,ALESSANDRIA,ND,RICCARDO CHIARELLO / TOMMASO MILANESE / FEDERICO CASARINI
567,0,SERIE B TRIPLE PLAYER,NO,ALESSANDRIA,ND,GABRIEL LUNETTA / SIMONE CORAZZA / ANDREA ARRIGHINI
568,0,SERIE B TRIPLE PLAYER,NO,ALESSANDRIA,ND,MICHELE MARCONI / FRANCESCO ORLANDO / SIMONE PALOMBI
569,1,SERIE B CREST,YES,ASCOLI,ND,ASCOLI CREST
570,0,SERIE B TRIPLE PLAYER,NO,ASCOLI,ND,NICOLA LEALI / ENRICO GUARNA / ERIC BOTTEGHIN
571,0,SERIE B TRIPLE PLAYER,NO,ASCOLI,ND,DANILO QUARANTA / GIANFILIPPO FELICIOLI / FEDERICO BASCHIROTTO
572,0,SERIE B TRIPLE PLAYER,NO,ASCOLI,ND,ANASTASIOS AVLONITIS / TOMMASO D'ORAZIO / DARIO ŠARIĆ
573,1,SERIE B TRIPLE PLAYER,NO,ASCOLI,ND,FABIO MAISTRO / MIRKO ERAMO / FABRIZIO CALIGARA
574,0,SERIE B TRIPLE PLAYER,NO,ASCOLI,ND,ABDELHAMID SABIRI / MARCEL BUCHEL / FEDERICO DIONISI
575,0,SERIE B TRIPLE PLAYER,NO,ASCOLI,ND,DIEGO FABBRINI / ATANAS ILIEV / SOUFIANE BIDAOUI
576,0,SERIE B CREST,YES,BENEVENTO,ND,BENEVENTO CREST
577,0,SERIE B TRIPLE PLAYER,NO,BENEVENTO,ND,ALBERTO PALEARI / NICOLO MANFREDINI / FEDERICO BARBA
578,0,SERIE B TRIPLE PLAYER,NO,BENEVENTO,ND,DAAM FOULON / ALESSANDRO VOGLIACCO / GAETANO LETIZIA
579,0,SERIE B TRIPLE PLAYER,NO,BENEVENTO,ND,KAMIL GLIK / SALVATORE ELIA / ARTUR IONITA
580,1,SERIE B TRIPLE PLAYER,NO,BENEVENTO,ND,GENNARO ACAMPORA / ANDRÉS TELLO / RICCARDO IMPROTA
581,0,SERIE B TRIPLE PLAYER,NO,BENEVENTO,ND,GIACOMO CALÒ / ENRICO BRIGNOLA / GIANLUCA LAPADULA
582,0,SERIE B TRIPLE PLAYER,NO,BENEVENTO,ND,GABRIELE MONCINI / MARCO SAU / ROBERTO INSIGNE
583,1,SERIE B CREST,YES,BRESCIA,ND,BRESCIA CREST
584,0,SERIE B TRIPLE PLAYER,NO,BRESCIA,ND,JESSE JORONEN / OSCAR LINNER / MARKO PAJAC
585,1,SERIE B TRIPLE PLAYER,NO,BRESCIA,ND,ANDREA CISTANA / MASSIMILIANO MANGRAVITI / JHON CHANCELLOR
586,1,SERIE B TRIPLE PLAYER,NO,BRESCIA,ND,ALES MATEJU / MASSIMO BERTAGNOLI / DIMITRI BISOLI
587,1,SERIE B TRIPLE PLAYER,NO,BRESCIA,ND,TOM VAN DE LOOI / MEHDI LERIS / EMANUELE NDOJ
588,1,SERIE B TRIPLE PLAYER,NO,BRESCIA,ND,MATTEO TRAMONI / FILIP JAGIELLO / FLORIAN AYE
589,0,SERIE B TRIPLE PLAYER,NO,BRESCIA,ND,RODRIGO PALACIO / STEFANO MOREO / RIAD BAJIC
590,0,SERIE B CREST,YES,CITTADELLA,ND,CITTADELLA CREST
591,0,SERIE B TRIPLE PLAYER,NO,CITTADELLA,ND,ELHAN KASTRATI / LUCA MANIERO / TOMMASO CASSANDRO
592,0,SERIE B TRIPLE PLAYER,NO,CITTADELLA,ND,DANIELE DONNARUMMA / DAVIDE ADORNI / AMEDEO BENEDETTI
593,1,SERIE B TRIPLE PLAYER,NO,CITTADELLA,ND,DOMENICO FRARE / ROMANO PERTICONE / SIMONE BRANCA
594,0,SERIE B TRIPLE PLAYER,NO,CITTADELLA,ND,NICOLA PAVAN / ANDREA DANZI / CHRISTIAN D'URSO
595,0,SERIE B TRIPLE PLAYER,NO,CITTADELLA,ND,ALESSIO VITA / ENRICO BALDINI / ORJI OKWONKWO
596,1,SERIE B TRIPLE PLAYER,NO,CITTADELLA,ND,CAMILLO TAVERNELLI / MAMADOU TOUNKARA / MIRKO ANTONUCCI
597,0,SERIE B CREST,YES,COMO,ND,COMO CREST
598,1,SERIE B TRIPLE PLAYER,NO,COMO,ND,STEFANO GORI / DAVIDE FACCHIN / MATTEO SOLINI
599,0,SERIE B TRIPLE PLAYER,NO,COMO,ND,LUCA VIGNALI / MARCO VARNIER / FILIPPO SCAGLIA
600,0,SERIE B TRIPLE PLAYER,NO,COMO,ND,NIKOLAS IOANNOU / ALESSANDRO BELLEMO / TOMMASO ARRIGONI
601,1,SERIE B TRIPLE PLAYER,NO,COMO,ND,VITTORIO PARIGINI / ELVIS KABASHI / MOUTIR CHAJIA
602,0,SERIE B TRIPLE PLAYER,NO,COMO,ND,ALESSIO IOVINE / ANTONINO LA GUMINA / ALBERTO CERRI
603,0,SERIE B TRIPLE PLAYER,NO,COMO,ND,ETTORE GLIOZZI / ALESSANDRO GABRIELLONI / MASSIMILIANO GATTO
604,0,SERIE B CREST,YES,CONSENZA,ND,CONSENZA CREST
605,1,SERIE B TRIPLE PLAYER,NO,CONSENZA,ND,MAURO VIGORITO / UMBERTO SARACCO / ANDREA TIRITIELLO
606,0,SERIE B TRIPLE PLAYER,NO,CONSENZA,ND,SANASI SY / ROBERTO PIRRELLO / MICHELE RIGIONE
607,2,SERIE B TRIPLE PLAYER,NO,CONSENZA,ND,ALESSANDRO MINELLI / ANGELO CORSI / SAULI VÄISÄNEN
608,0,SERIE B TRIPLE PLAYER,NO,CONSENZA,ND,REDA BOULTAM / ANDREA VALLOCCHIA / ALBERTO GERBO
609,0,SERIE B TRIPLE PLAYER,NO,CONSENZA,ND,LUCA PALMIERO / MARCO CARRARO / MARIO SITUM
610,1,SERIE B TRIPLE PLAYER,NO,CONSENZA,ND,GIUSEPPE CASO / VINCENZO MILLICO / GABRIELE GORI
611,2,SERIE B CREST,YES,CREMONESE,ND,CREMONESE CREST
612,0,SERIE B TRIPLE PLAYER,NO,CREMONESE,ND,MARCO CARNESECCHI / MOUHAMADOU SARR / CALEB OKOLI
613,0,SERIE B TRIPLE PLAYER,NO,CREMONESE,ND,EMANUELE VALERI / LEONARDO SERNICOLA / LUCA RAVANELLI
614,0,SERIE B TRIPLE PLAYER,NO,CREMONESE,ND,MATTEO BIANCHETTI / NICOLÒ FAGIOLI / LUCA VALZANIA
615,0,SERIE B TRIPLE PLAYER,NO,CREMONESE,ND,MICHELE CASTAGNETTI / GIANLUCA GAETANO / PAOLO BARTOLOMEI
616,0,SERIE B TRIPLE PLAYER,NO,CREMONESE,ND,LUCA VIDO / DANIEL CIOFANI / JAIME BAEZ
617,1,SERIE B TRIPLE PLAYER,NO,CREMONESE,ND,CRISTIAN BUONAIUTO / LUCA ZANIMACCHIA / SAMUEL DI CARMINE
618,2,SERIE B CREST,YES,CROTONE,ND,CROTONE CREST
619,0,SERIE B TRIPLE PLAYER,NO,CROTONE,ND,MARCO FESTA / NIKITA CONTINI / SIMONE CANESTRELLI
620,0,SERIE B TRIPLE PLAYER,NO,CROTONE,ND,NEHUEN PAZ / IONUT NEDELCEARU / DAVIDE MONDONICO
621,0,SERIE B TRIPLE PLAYER,NO,CROTONE,ND,GIUSEPPE CUOMO / VASILE MOGOȘ / NAHUEL ESTEVEZ
622,0,SERIE B TRIPLE PLAYER,NO,CROTONE,ND,MARCO SALA / SALVATORE MOLINA / AHMAD BENALI
623,0,SERIE B TRIPLE PLAYER,NO,CROTONE,ND,MILOS VULIĆ / NICCOLÒ ZANELLATO / GIUSEPPE BORELLO
624,0,SERIE B TRIPLE PLAYER,NO,CROTONE,ND,SAMUELE MULATTIERI / MIRKO MARIĆ / AUGUSTUS KARGBO
625,1,SERIE B CREST,YES,FROSINONE,ND,FROSINONE CREST
626,0,SERIE B TRIPLE PLAYER,NO,FROSINONE,ND,FEDERICO RAVAGLIA / VICTOR DE LUCIA / MATTEO COTALI
627,0,SERIE B TRIPLE PLAYER,NO,FROSINONE,ND,FRANCESCO ZAMPANO / PRZEMYSLAW SZYMINSKI / FEDERICO GATTI
628,1,SERIE B TRIPLE PLAYER,NO,FROSINONE,ND,NICOLO BRIGHENTI / DANIEL BOLOCA / MATTEO RICCI
629,1,SERIE B TRIPLE PLAYER,NO,FROSINONE,ND,LUCA GARRITANO / RAFFAELE MAIELLO / MARCUS ROHDEN
630,0,SERIE B TRIPLE PLAYER,NO,FROSINONE,ND,ALESSIO TRIBUZZI / ANDRIJA NOVAKOVICH / GABRIEL CHARPENTIER
631,0,SERIE B TRIPLE PLAYER,NO,FROSINONE,ND,CAMILLO CIANO / LUIGI CANOTTO / ALESSIO ZERBIN
632,0,SERIE B CREST,YES,LECCE,ND,LECCE CREST
633,0,SERIE B TRIPLE PLAYER,NO,LECCE,ND,GABRIEL / MARCO BLEVE / ALESSANDRO TUIA
634,0,SERIE B TRIPLE PLAYER,NO,LECCE,ND,ANTONINO GALLO / ANTONIO BARRECA / BIAGIO MECCARIELLO
635,0,SERIE B TRIPLE PLAYER,NO,LECCE,ND,FABIO LUCIONI / VALENTIN GENDREY / ALEXIS BLIN
636,0,SERIE B TRIPLE PLAYER,NO,LECCE,ND,HELGASON / MARIO GARGIULO / MORTEN HJULMAND
637,2,SERIE B TRIPLE PLAYER,NO,LECCE,ND,ZAN MAJER / JOHN BJORKENGREN / MASSIMO CODA
638,0,SERIE B TRIPLE PLAYER,NO,LECCE,ND,GABRIEL STREFEZZA / MARCO OLIVIERI / FRANCESCO DI MARIANO
639,1,SERIE B CREST,YES,L. R. VICENZA,ND,L. R. VICENZA CREST
640,0,SERIE B TRIPLE PLAYER,NO,L. R. VICENZA,ND,MATTEO GRANDI / SEMUEL PIZZIGNACCO / MATTEO BRUSCAGIN
641,0,SERIE B TRIPLE PLAYER,NO,L. R. VICENZA,ND,MARCO CALDERONI / EMANUELE PADELLA / RICCARDO BROSCO
642,0,SERIE B TRIPLE PLAYER,NO,L. R. VICENZA,ND,DANIEL CAPPELLETTI / NICOLA PASINI / ANTHONY TAUGOURDEAU
643,0,SERIE B TRIPLE PLAYER,NO,L. R. VICENZA,ND,LORIS ZONTA / FEDERICO PROIA / FILIPPO RANOCCHIA
644,0,SERIE B TRIPLE PLAYER,NO,L. R. VICENZA,ND,LUCA RIGONI / SIMONE PONTISSO / STEFANO GIACOMELLI
645,0,SERIE B TRIPLE PLAYER,NO,L. R. VICENZA,ND,DAVIDE DIAW / NICOLA DALMONTE / RICCARDO MEGGIORINI
646,2,SERIE B CREST,YES,MONZA,ND,MONZA CREST
647,1,SERIE B TRIPLE PLAYER,NO,MONZA,ND,MICHELE DI GREGORIO / DANIELE SOMMARIVA / GABRIEL PALETTA
648,0,SERIE B TRIPLE PLAYER,NO,MONZA,ND,LUCA CALDIROLA / GIULIO DONATI / LUCA MARRONE
649,0,SERIE B TRIPLE PLAYER,NO,MONZA,ND,CARLOS AUGUSTO / MARIO SAMPIRISI / PEDRO PEREIRA
650,0,SERIE B TRIPLE PLAYER,NO,MONZA,ND,ANDREA COLPANI / MARCO BRESCIANINI / ANDREA BARBERIS
651,0,SERIE B TRIPLE PLAYER,NO,MONZA,ND,MARCO DALESSANDRO / JOSÉ MACHIN / LUCA MAZZITELLI
652,0,SERIE B TRIPLE PLAYER,NO,MONZA,ND,DANY MOTA / CHRISTIAN GYTKJAER / PATRICK CIURRIA
653,1,SERIE B CREST,YES,PARMA,ND,PARMA CREST
654,0,SERIE B TRIPLE PLAYER,NO,PARMA,ND,GIANLUIGI BUFFON / SIMONE COLOMBI / DANILO
655,0,SERIE B TRIPLE PLAYER,NO,PARMA,ND,WOYO COULIBALY / YORDAN OSORIO / ENRICO DELPRATO
656,0,SERIE B TRIPLE PLAYER,NO,PARMA,ND,ELIAS COBBAUT / LAUTARO VALENTI / SIMON SOHM
657,0,SERIE B TRIPLE PLAYER,NO,PARMA,ND,PASQUALE SCHIATTARELLA / STANKO JURIĆ / JUAN BRUNETTA
658,0,SERIE B TRIPLE PLAYER,NO,PARMA,ND,FRANCO VAZQUEZ / GENNARO TUTINO / VALENTIN MIHAILA
659,1,SERIE B TRIPLE PLAYER,NO,PARMA,ND,ROBERTO INGLESE / FELIX CORREIA / DENNIS MAN
660,0,SERIE B CREST,YES,PERUGIA,ND,PERUGIA CREST
661,2,SERIE B TRIPLE PLAYER,NO,PERUGIA,ND,LEANDRO CHICHIZOLA / ANDREA FULIGNATI / GABRIELE ANGELLA
662,0,SERIE B TRIPLE PLAYER,NO,PERUGIA,ND,MARCOS CURADO / GIANMARIA ZANANDREA / FRANCESCO LISI
663,0,SERIE B TRIPLE PLAYER,NO,PERUGIA,ND,GABRIELE FERRARINI / FILIPPO SGARBI / ALEANDRO ROSI
664,0,SERIE B TRIPLE PLAYER,NO,PERUGIA,ND,SALVATORE BURRAI / MARCELLO FALZERANO / JACOPO SEGRE
665,0,SERIE B TRIPLE PLAYER,NO,PERUGIA,ND,SIMONE SANTORO / CHRISTIAN KOUAN / MIRKO CARRETTA
666,0,SERIE B TRIPLE PLAYER,NO,PERUGIA,ND,JACOPO MURANO / RYDER MATOS / MANUEL DE LUCA
667,0,SERIE B CREST,YES,PISA,ND,PISA CREST
668,0,SERIE B TRIPLE PLAYER,NO,PISA,ND,NICOLAS / ALESSANDRO LIVIERI / PIETRO BERUATTO
669,0,SERIE B TRIPLE PLAYER,NO,PISA,ND,ANTONIO CARACCIOLO / MAXIME LEVERBE / HJORTUR HERMANNSSON
670,0,SERIE B TRIPLE PLAYER,NO,PISA,ND,SAMUELE BIRINDELLI / ADAM NAGY / IDRISSA TOURÉ
671,0,SERIE B TRIPLE PLAYER,NO,PISA,ND,MARIUS MARIN / ALESSANDRO DE VITIS / ROBERT GUCHER
672,1,SERIE B TRIPLE PLAYER,NO,PISA,ND,DAVIDE MARSURA / GAETANO MASUCCI / YONATAN COHEN
673,0,SERIE B TRIPLE PLAYER,NO,PISA,ND,GIUSEPPE MASTINU / LORENZO LUCCA / GIUSEPPE SIBILLI
674,1,SERIE B CREST,YES,PORDENONE,ND,PORDENONE CREST
675,0,SERIE B TRIPLE PLAYER,NO,PORDENONE,ND,SAMUELE PERISAN / GIACOMO BINDI / ALESSIO SABBIONE
676,2,SERIE B TRIPLE PLAYER,NO,PORDENONE,ND,ALESSANDRO BASSOLI / MICHELE CAMPORESE / ALBERTO BARISON
677,0,SERIE B TRIPLE PLAYER,NO,PORDENONE,ND,NICOLA FALASCO / HAMZA EL KAOUAKIBI / ROBERTO ZAMMARINI
678,0,SERIE B TRIPLE PLAYER,NO,PORDENONE,ND,JACOPO PETRICCIONE / LUCA MAGNINO / GIANVITO MISURACA
679,1,SERIE B TRIPLE PLAYER,NO,PORDENONE,ND,TOMASZ KUPISZ / MARCO PINATO / MICHAEL FOLORUNSHO
680,0,SERIE B TRIPLE PLAYER,NO,PORDENONE,ND,AMATO CICIRETTI / FRANK TSADJOUT / NICOLO CAMBIAGHI
681,0,SERIE B CREST,YES,REGGINA,ND,REGGINA CREST
682,1,SERIE B TRIPLE PLAYER,NO,REGGINA,ND,ALESSANDRO MICAI / STEFANO TURATI / DIMITRIOS STAVROPOULOS
683,0,SERIE B TRIPLE PLAYER,NO,REGGINA,ND,GIUSEPPE LOIACONO / IVAN LAKICEVIC / THIAGO CIONEK
684,0,SERIE B TRIPLE PLAYER,NO,REGGINA,ND,GIANLUCA DI CHIARA / ALESSANDRO CORTINOVIS / RIGOBERTO RIVAS
685,0,SERIE B TRIPLE PLAYER,NO,REGGINA,ND,LORENZO CRISETIG / NICOLO BIANCHI / NICOLA BELLOMO
686,0,SERIE B TRIPLE PLAYER,NO,REGGINA,ND,PERPARIM HETEMAJ / KARIM LARIBI / FEDERICO RICCI
687,1,SERIE B TRIPLE PLAYER,NO,REGGINA,ND,ANDREY GALABINOV / ADRIANO MONTALTO / JEREMY MÉNEZ
688,0,SERIE B CREST,YES,SPAL,ND,SPAL CREST
689,0,SERIE B TRIPLE PLAYER,NO,SPAL,ND,DEMBA THIAM / ANDREA SECULIN / ELIO CAPRADOSSI
690,0,SERIE B TRIPLE PLAYER,NO,SPAL,ND,LORENZO DICKMANN / FRANCESCO VICARI / ALESSANDRO TRIPALDELLI
691,0,SERIE B TRIPLE PLAYER,NO,SPAL,ND,LUCA COCCOLO / GIOVANNI CROCIATA / JACOPO DA RIVA
692,0,SERIE B TRIPLE PLAYER,NO,SPAL,ND,FEDERICO VIVIANI / SALVATORE ESPOSITO / MARCO MANCOSU
693,1,SERIE B TRIPLE PLAYER,NO,SPAL,ND,LUCA MORA / LORENZO COLOMBO / FEDERICO MELCHIORRI
694,0,SERIE B TRIPLE PLAYER,NO,SPAL,ND,EMMANUEL LATTE LATH / LUDOVICO D'ORAZIO / DEMBA SECK
695,0,SERIE B CREST,YES,TERNANA,ND,TERNANA CREST
696,0,SERIE B TRIPLE PLAYER,NO,TERNANA,ND,ANTONY IANNARILLI / TITAS KRAPIKAS / MATIJA BOBEN
697,2,SERIE B TRIPLE PLAYER,NO,TERNANA,ND,BRUNO MARTELLA / FREDERIK SORENSEN / LUCA GHIRINGHELLI
698,0,SERIE B TRIPLE PLAYER,NO,TERNANA,ND,MARCO CAPUANO / MARINO DEFENDI / ANTONIO PALUMBO
699,0,SERIE B TRIPLE PLAYER,NO,TERNANA,ND,FEDERICO FURLAN / DAVIDE AGAZZI / MATTIA PROIETTI
700,0,SERIE B TRIPLE PLAYER,NO,TERNANA,ND,ANIELLO SALZANO / ALFREDO DONNARUMMA / CESAR FALLETTI
701,0,SERIE B TRIPLE PLAYER,NO,TERNANA,ND,STEFANO PETTINARI / ANTHONY PARTIPILO / SIMONE MAZZOCCHI
702,0,SERIE C CRESTS,YES,ND,ND,ALBINOLEFFE / FERALPISALÒ / FIORENZUOLA / GIANA CRESTS
703,1,SERIE C CRESTS,YES,ND,ND,JUVENTUS U23 / LECCO / LEGNAGO / MANTOVA CRESTS
704,0,SERIE C CRESTS,YES,ND,ND,PADOVA / PERGOLETTESE / PIACENZA / PRO PATRIA CRESTS
705,0,SERIE C CRESTS,YES,ND,ND,PRO SESTO / PRO VERCELLI / RENATE / SEREGNO CRESTS
706,0,SERIE C CRESTS,YES,ND,ND,SÜDTIROL / TRENTO / TRIESTINA / VIRTUS VERONA CRESTS
707,0,SERIE C CRESTS,YES,ND,ND,ANCONA-MATELICA / AQUILA MONTEVARCHI / CARRARESE / CESENA CRESTS
708,0,SERIE C CRESTS,YES,ND,ND,FERMANA / GROSSETO / GUBBIO / IMOLESE CRESTS
709,0,SERIE C CRESTS,YES,ND,ND,LUCCHESE / MODENA / OLBIA / PESCARA CRESTS
710,0,SERIE C CRESTS,YES,ND,ND,PISTOIESE / PONTEDERA / REGGIANA / SIENA CRESTS
711,2,SERIE C CRESTS,YES,ND,ND,TERAMO / VIRTUS ENTELLA / VIS PESARO / VITERBESE CRESTS
712,0,SERIE C CRESTS,YES,ND,ND,AVELLINO / BARI / CAMPOBASSO / CATANIA CRESTS
713,0,SERIE C CRESTS,YES,ND,ND,CATANZARO / FIDELIS ANDRIA / FOGGIA / JUVE STABIA CRESTS
714,0,SERIE C CRESTS,YES,ND,ND,LATINA / MESSINA ACR / MONOPOLI / MONTEROSI CRESTS
715,0,SERIE C CRESTS,YES,ND,ND,PAGANESE / PALERMO / PICERNO / POTENZA CRESTS
716,0,SERIE C CRESTS,YES,ND,ND,TARANTO / TURRIS / VIBONESE / VIRTUS FRANCAVILLA CRESTS
A1,1,SPECIAL,YES,ATALANTA,ND,AVATAR SERIE A TIM ATALANTA
A2,1,SPECIAL,YES,BOLOGNA,ND,AVATAR SERIE A TIM BOLOGNA
A3,0,SPECIAL,YES,CAGLIARI,ND,AVATAR SERIE A TIM CAGLIARI
A4,0,SPECIAL,YES,EMPOLI,ND,AVATAR SERIE A TIM EMPOLI
A5,1,SPECIAL,YES,FIORENTINA,ND,AVATAR SERIE A TIM FIORENTINA
A6,0,SPECIAL,YES,GENOA,ND,AVATAR SERIE A TIM GENOA
A7,0,SPECIAL,YES,HELLAS VERONA,ND,AVATAR SERIE A TIM HELLAS VERONA
A8,1,SPECIAL,YES,INTER,ND,AVATAR SERIE A TIM INTER
A9,1,SPECIAL,YES,JUVENTUS,ND,AVATAR SERIE A TIM JUVENTUS
A10,0,SPECIAL,YES,LAZIO,ND,AVATAR SERIE A TIM LAZIO
A11,0,SPECIAL,YES,MILAN,ND,AVATAR SERIE A TIM MILAN
A12,1,SPECIAL,YES,NAPOLI,ND,AVATAR SERIE A TIM NAPOLI
A13,1,SPECIAL,YES,ROMA,ND,AVATAR SERIE A TIM ROMA
A14,0,SPECIAL,YES,SALERNITANA,ND,AVATAR SERIE A TIM SALERNITANA
A15,0,SPECIAL,YES,SAMPDORIA,ND,AVATAR SERIE A TIM SAMPDORIA
A16,0,SPECIAL,YES,SASSUOLO,ND,AVATAR SERIE A TIM SASSUOLO
A17,1,SPECIAL,YES,SPEZIA,ND,AVATAR SERIE A TIM SPEZIA
A18,0,SPECIAL,YES,TORINO,ND,AVATAR SERIE A TIM TORINO
A19,1,SPECIAL,YES,UDINESE,ND,AVATAR SERIE A TIM UDINESE
A20,0,SPECIAL,YES,VENEZIA,ND,AVATAR SERIE A TIM VENEZIA
C1,0,SPECIAL,NO,ND,ND,IL PRIMO GOL DELLA STAGIONE FLIM DEL CAMPIONATO
C2,0,SPECIAL,NO,ND,ND,PARTENZA LANCIATA FLIM DEL CAMPIONATO
C3,1,SPECIAL,NO,ND,ND,RITORNO IN SERIE A TIM FLIM DEL CAMPIONATO
C4,0,SPECIAL,NO,ND,ND,MALDINI PER SEMPRE FLIM DEL CAMPIONATO
